bird_id,X,Y
H51,-118.203565,29.421133
H51,-118.194027,29.45088
H51,-118.17828,29.491553
H51,-118.179182,29.523572
H51,-118.16821,29.555217
H51,-118.146845,29.600138
H51,-118.134125,29.64
H51,-118.12074,29.666657
H51,-118.104887,29.68829
H51,-118.064965,29.726962
H51,-118.038058,29.765582
H51,-118.039912,29.762385
H51,-118.028417,29.775997
H51,-117.986772,29.814445
H51,-117.95305,29.855563
H51,-117.928522,29.898402
H51,-117.907775,29.93547
H51,-117.925202,29.959763
H51,-117.890905,30.000942
H51,-117.862232,30.038608
H51,-117.832065,30.08232
H51,-117.812333,30.118623
H51,-117.77636,30.16222
H51,-117.751187,30.205495
H51,-117.745942,30.240992
H51,-117.71791,30.283437
H51,-117.695687,30.329405
H51,-117.684157,30.366397
H51,-117.66082,30.410228
H51,-117.633408,30.457333
H51,-117.607478,30.497687
H51,-117.591672,30.529797
H51,-117.586348,30.561862
H51,-117.551593,30.608255
H51,-117.536595,30.652198
H51,-117.510343,30.697853
H51,-117.486087,30.732225
H51,-117.485207,30.732763
H51,-117.484242,30.733202
H51,-117.483313,30.733653
H51,-117.482283,30.73425
H51,-117.4815,30.734812
H51,-117.462688,30.755997
H51,-117.427085,30.794032
H51,-117.397408,30.832197
H51,-117.361435,30.869677
H51,-117.334962,30.912153
H51,-117.327527,30.940775
H51,-117.30433,30.985018
H51,-117.289143,31.020183
H51,-117.268507,31.039393
H51,-117.239442,31.064737
H51,-117.223458,31.113868
H51,-117.225735,31.113647
H51,-117.238928,31.10757
H51,-117.246693,31.101625
H51,-117.232578,31.146783
H51,-117.206998,31.172955
H51,-117.186482,31.220297
H51,-117.167387,31.25771
H51,-117.167568,31.308593
H51,-117.150218,31.340647
H51,-117.10312,31.371755
H51,-117.091347,31.415798
H51,-117.083982,31.469422
H51,-117.052338,31.477155
H51,-117.010648,31.507078
H51,-116.994432,31.512138
H51,-116.962547,31.544498
H51,-116.945347,31.576247
H51,-116.926203,31.623697
H51,-116.935323,31.678797
H51,-116.97274,31.716585
H51,-117.003422,31.765525
H51,-117.061282,31.793547
H51,-117.106393,31.825232
H51,-117.16741,31.848318
H51,-117.215593,31.85438
H51,-117.280753,31.871792
H51,-117.32533,31.910337
H51,-117.364122,31.936889999999998
H51,-117.415293,31.982425
H51,-117.477862,32.018373
H51,-117.537352,32.034713000000004
H51,-117.57739,32.042823
H51,-117.61712,32.05512
H51,-117.68923,32.074713
H51,-117.751142,32.097085
H51,-117.813138,32.115193
H51,-117.87951,32.144813
H51,-117.9426,32.181053
H51,-118.00567,32.216217
H51,-118.073465,32.23283
H51,-118.130628,32.263502
H51,-118.190437,32.269032
H51,-118.256577,32.280238
H51,-118.326303,32.297162
H51,-118.321598,32.301037
H51,-118.355158,32.308658
H51,-118.414987,32.315473
H51,-118.432692,32.321677
H51,-118.485362,32.342687
H51,-118.531255,32.365348
H51,-118.59431,32.36611
H51,-118.661398,32.378625
H51,-118.71651,32.39155
H51,-118.746083,32.389058
H51,-118.798308,32.39404
H51,-118.842675,32.410597
H51,-118.903768,32.426563
H51,-118.939303,32.444568
H51,-118.955912,32.451657
H51,-119.008978,32.456442
H51,-119.068967,32.452308
H51,-119.132603,32.459338
H51,-119.187645,32.462508
H51,-119.215135,32.467422
H51,-119.213285,32.466682
H51,-119.211175,32.46461
H51,-119.208262,32.462035
H51,-119.207047,32.460787
H51,-119.20565,32.459438
H51,-119.203748,32.458635
H51,-119.201577,32.45347
H51,-119.200033,32.452988
H51,-119.19843,32.452357
H51,-119.196528,32.451645
H51,-119.195463,32.450923
H51,-119.195245,32.45007
H51,-119.195033,32.44964
H51,-119.194472,32.448618
H51,-119.19501700000001,32.448945
H51,-119.194577,32.448533
H51,-119.194045,32.448323
H51,-119.194517,32.447935
H51,-119.194095,32.447555
H51,-119.193092,32.447227
H51,-119.192458,32.447197
H51,-119.192227,32.447287
H51,-119.191455,32.447863
H51,-119.191065,32.448218
H51,-119.190453,32.447998
H51,-119.190722,32.447468
H51,-119.190497,32.445993
H51,-119.190302,32.445303
H51,-119.189683,32.443875
H51,-119.18875,32.443172
H51,-119.189065,32.442833
H51,-119.189267,32.442598
H51,-119.189383,32.442428
H51,-119.189505,32.442188
H51,-119.189608,32.442103
H51,-119.189442,32.442167
H51,-119.189668,32.441873
H51,-119.189198,32.441755
H51,-119.18853,32.441842
H51,-119.188837,32.44131
H51,-119.189168,32.440575
H51,-119.189748,32.440395
H51,-119.19001,32.44057
H51,-119.190203,32.440532
H51,-119.190333,32.439872
H51,-119.19076,32.439522
H51,-119.191105,32.439243
H51,-119.191155,32.438908
H51,-119.191355,32.438283
H51,-119.191943,32.43764
H51,-119.192333,32.437323
H51,-119.192495,32.436985
H51,-119.192658,32.436388
H51,-119.192467,32.435607
H51,-119.192285,32.434875
H51,-119.192548,32.433817
H51,-119.192798,32.433048
H51,-119.193082,32.43222
H51,-119.193385,32.431173
H51,-119.193518,32.430333
H51,-119.193702,32.429675
H51,-119.193687,32.429153
H51,-119.19345,32.42846
H51,-119.193252,32.427807
H51,-119.192917,32.427172
H51,-119.192743,32.426392
H51,-119.19272,32.425708
H51,-119.192962,32.425068
H51,-119.193118,32.424123
H51,-119.19328,32.423287
H51,-119.19355,32.4226
H51,-119.193977,32.422397
H51,-119.194255,32.42223
H51,-119.194758,32.422048
H51,-119.195007,32.421773
H51,-119.242338,32.424468
H51,-119.302652,32.44075
H51,-119.361473,32.435765
H51,-119.419468,32.431382
H51,-119.480278,32.428507
H51,-119.518808,32.429193
H51,-119.57176,32.415903
H51,-119.582547,32.428767
H51,-119.60225,32.433175
H51,-119.602677,32.433525
H51,-119.6024,32.43577
H51,-119.60231,32.436392
H51,-119.60217,32.436365
H51,-119.602148,32.436898
H51,-119.601562,32.43693
H51,-119.601048,32.437
H51,-119.616335,32.469787
H51,-119.616527,32.474105
H51,-119.6381,32.488238
H51,-119.667033,32.527748
H51,-119.699032,32.558265
H51,-119.699622,32.559655
H51,-119.700555,32.561488
H51,-119.737333,32.605698
H51,-119.76456,32.64479
H51,-119.798325,32.685072
H51,-119.811097,32.697952
H51,-119.810973,32.707607
H51,-119.811648,32.709583
H51,-119.829358,32.738872
H51,-119.849015,32.78627
H51,-119.873463,32.827165
H51,-119.911592,32.842705
H51,-119.919465,32.852363
H51,-119.949593,32.87884
H51,-119.957812,32.87744
H51,-119.953357,32.897172
H51,-119.979703,32.94204
H51,-119.992932,32.993473
H51,-120.036077,32.995117
H51,-120.048618,33.040078
H51,-120.064245,33.066375
H51,-120.074893,33.075742
H51,-120.07958000000001,33.097912
H51,-120.0873,33.13898
H51,-120.084725,33.175053
H51,-120.081117,33.224382
H51,-120.113365,33.259585
H51,-120.141332,33.28776
H51,-120.164502,33.315167
H51,-120.20794,33.327965
H51,-120.247893,33.343832
H51,-120.27404,33.36452
H51,-120.32716,33.360915
H51,-120.362185,33.371903
H51,-120.39067,33.388165
H51,-120.418222,33.404898
H51,-120.442597,33.427972
H51,-120.459983,33.45847
H51,-120.50124,33.465102
H51,-120.510388,33.496315
H51,-120.515772,33.526575
H51,-120.5161,33.524963
H51,-120.516478,33.523848
H51,-120.520875,33.521617
H51,-120.522113,33.520782
H51,-120.522743,33.51992
H51,-120.522722,33.519185
H51,-120.522988,33.518752
H51,-120.523222,33.518072
H51,-120.517715,33.518995
H51,-120.517777,33.518365
H51,-120.52121,33.526247
H51,-120.524828,33.543632
H51,-120.541193,33.549595
H51,-120.556745,33.554463
H51,-120.55749,33.565853
H51,-120.56585,33.573898
H51,-120.565713,33.573965
H51,-120.565695,33.573398
H51,-120.565743,33.572715
H51,-120.565765,33.571513
H51,-120.5659,33.570335
H51,-120.566037,33.568977
H51,-120.566377,33.567692
H51,-120.566757,33.5663
H51,-120.566593,33.564628
H51,-120.567298,33.563038
H51,-120.568422,33.561207
H51,-120.569143,33.559375
H51,-120.57005,33.557647
H51,-120.571162,33.555918
H51,-120.571358,33.554193
H51,-120.57181,33.552353
H51,-120.572507,33.550567
H51,-120.573302,33.548652
H51,-120.574105,33.54612
H51,-120.575132,33.544533
H51,-120.576303,33.542608
H51,-120.577305,33.540693
H51,-120.578152,33.53872
H51,-120.579362,33.536822
H51,-120.580378,33.534685
H51,-120.581507,33.532625
H51,-120.582643,33.530757
H51,-120.583515,33.529078
H51,-120.58384,33.528733
H51,-120.584347,33.52815
H51,-120.584998,33.527347
H51,-120.585632,33.526613
H51,-120.5861,33.525828
H51,-120.586522,33.525483
H51,-120.587172,33.525163
H51,-120.587742,33.525262
H51,-120.58835,33.524908
H51,-120.588905,33.524807
H51,-120.589527,33.524208
H51,-120.590003,33.52392
H51,-120.590675,33.523732
H51,-120.591435,33.523653
H51,-120.59244,33.523237
H51,-120.594095,33.5232
H51,-120.59611,33.52371
H51,-120.59839,33.524242
H51,-120.599792,33.524952
H51,-120.600603,33.525208
H51,-120.602383,33.525337
H51,-120.601157,33.528532
H51,-120.602453,33.52955
H51,-120.605347,33.531125
H51,-120.606042,33.531823
H51,-120.618788,33.529938
H51,-120.63274,33.540243
H51,-120.656215,33.546438
H51,-120.675507,33.55436
H51,-120.679792,33.571695
H51,-120.688455,33.58457
H51,-120.705365,33.592517
H51,-120.71675,33.601582
H51,-120.737825,33.604598
H51,-120.746442,33.614893
H51,-120.770233,33.616278
H51,-120.76521,33.635185
H51,-120.766722,33.652412
H51,-120.777292,33.656048
H51,-120.827338,33.630618
H51,-120.87239,33.621477
H51,-120.916673,33.613795
H51,-120.959328,33.609995
H51,-120.993922,33.608003
H51,-121.016463,33.617582
H51,-121.033565,33.634197
H51,-121.053792,33.64681
H51,-121.059117,33.650098
H51,-121.057865,33.648983
H51,-121.08185,33.657138
H51,-121.094827,33.674365
H51,-121.115515,33.684125
H51,-121.139292,33.69169
H51,-121.175535,33.696087
H51,-121.190033,33.719542
H51,-121.195332,33.739187
H51,-121.201303,33.756768
H51,-121.200513,33.756305
H51,-121.198867,33.755152
H51,-121.198272,33.755467
H51,-121.197482,33.755662
H51,-121.197302,33.757143
H51,-121.224315,33.765742
H51,-121.252748,33.772747
H51,-121.264237,33.792598
H51,-121.26585,33.809975
H51,-121.286662,33.815608
H51,-121.317443,33.822487
H51,-121.32477,33.840328
H51,-121.334545,33.858125
H51,-121.368125,33.857142
H51,-121.393645,33.862603
H51,-121.438045,33.851045
H51,-121.462802,33.856385
H51,-121.485183,33.86902
H51,-121.489617,33.873677
H51,-121.490098,33.872623
H51,-121.490743,33.87167
H51,-121.49501,33.879345
H51,-121.544568,33.867622
H51,-121.574062,33.877897
H51,-121.609918,33.882987
H51,-121.618952,33.904655
H51,-121.633435,33.925868
H51,-121.664307,33.931417
H51,-121.675412,33.955588
H51,-121.681793,33.978613
H51,-121.677187,34.008725
H51,-121.652873,34.046228
H51,-121.631537,34.085512
H51,-121.644773,34.111597
H51,-121.635913,34.142965
H51,-121.613625,34.181378
H51,-121.612755,34.21609
H51,-121.617067,34.248062
H51,-121.629148,34.274185
H51,-121.607517,34.317073
H51,-121.595572,34.358807
H51,-121.585697,34.396668
H51,-121.55393,34.411478
H51,-121.554213,34.41495
H51,-121.55282,34.431387
H51,-121.550658,34.438665
H51,-121.53556,34.479657
H51,-121.534072,34.480353
H51,-121.532608,34.497343
H51,-121.534072,34.497597
H51,-121.53512,34.497767
H51,-121.536768,34.497918
H51,-121.541328,34.494245
H51,-121.554552,34.520888
H51,-121.566345,34.548762
H51,-121.556012,34.585358
H51,-121.556257,34.614467
H51,-121.543315,34.654202
H51,-121.541018,34.682902
H51,-121.540058,34.681448
H51,-121.53876700000001,34.679245
H51,-121.537712,34.677157
H51,-121.536958,34.674912
H51,-121.536135,34.672973
H51,-121.534835,34.671275
H51,-121.533667,34.669708
H51,-121.532688,34.668703
H51,-121.531793,34.667622
H51,-121.531292,34.66658
H51,-121.53103,34.665583
H51,-121.530827,34.664785
H51,-121.531028,34.664148
H51,-121.531365,34.663238
H51,-121.531567,34.662168
H51,-121.53179,34.661465
H51,-121.5318,34.660735
H51,-121.531572,34.66026
H51,-121.531525,34.659805
H51,-121.531627,34.659467
H51,-121.531405,34.659233
H51,-121.531462,34.659132
H51,-121.531208,34.65908
H51,-121.531347,34.659478
H51,-121.531247,34.6599
H51,-121.531135,34.660027
H51,-121.531158,34.660128
H51,-121.530863,34.659925
H51,-121.53041,34.6596
H51,-121.530192,34.659363
H51,-121.529928,34.659148
H51,-121.530098,34.658872
H51,-121.529482,34.657697
H51,-121.529735,34.65733
H51,-121.530157,34.657062
H51,-121.513095,34.675128
H51,-121.516775,34.711582
H51,-121.51876,34.737632
H51,-121.510063,34.762468
H51,-121.51626,34.79958
H51,-121.522477,34.832967
H51,-121.527275,34.867558
H51,-121.552157,34.89542
H51,-121.570012,34.93088
H51,-121.599307,34.95557
H51,-121.62237,34.988913
H51,-121.65036,35.008505
H51,-121.671227,35.041382
H51,-121.716803,35.184497
H51,-121.741097,35.207152
H51,-121.749662,35.246898
H51,-121.762512,35.28278
H51,-121.791275,35.309342
H51,-121.799602,35.344265
H51,-121.80903,35.37632
H51,-121.834348,35.401292
H51,-121.833483,35.434742
H51,-121.841268,35.456608
H51,-121.864018,35.484145
H51,-121.88332,35.509733
H51,-121.881792,35.528793
H51,-121.879788,35.52965
H51,-121.903495,35.54379
H51,-121.930127,35.566038
H51,-121.969035,35.583568
H51,-121.992587,35.611847
H51,-122.018872,35.638332
H51,-122.060113,35.661053
H51,-122.073698,35.663803
H51,-122.089818,35.687578
H51,-122.126607,35.698538
H51,-122.160772,35.712765
H51,-122.17993,35.718123
H51,-122.179912,35.717715
H51,-122.20384,35.737358
H51,-122.200942,35.775867
H51,-122.216128,35.810017
H51,-122.223813,35.844727
H51,-122.215335,35.877362
H51,-122.243893,35.90136
H51,-122.263535,35.922052
H51,-122.283388,35.926948
H51,-122.286447,35.9308
H51,-122.307237,35.951647
H51,-122.320605,35.984575
H51,-122.333237,36.013775
H51,-122.341015,36.041503
H51,-122.3665,36.056902
H51,-122.385352,36.084315
H51,-122.390168,36.108105
H51,-122.400843,36.140238
H51,-122.414088,36.170678
H51,-122.419557,36.173438
H51,-122.427982,36.19945
H51,-122.456432,36.213445
H51,-122.491555,36.222852
H51,-122.527017,36.236853
H51,-122.538063,36.254877
H51,-122.571097,36.277122
H51,-122.58939,36.3008
H51,-122.61139,36.328047
H51,-122.654963,36.341315
H51,-122.673937,36.36302
H51,-122.69109,36.393408
H51,-122.676888,36.425247
H51,-122.702672,36.445655
H51,-122.734847,36.464965
H51,-122.763282,36.488562
H51,-122.796142,36.511478
H51,-122.809578,36.544177
H51,-122.825132,36.572107
H51,-122.834357,36.577672
H51,-122.819635,36.581298
H51,-122.81506,36.614337
H51,-122.853565,36.622152
H51,-122.879552,36.638545
H51,-122.88742,36.669037
H51,-122.910618,36.689933
H51,-122.952565,36.69399
H51,-122.988778,36.704087
H51,-123.009218,36.728418
H51,-123.024298,36.749653
H51,-123.041407,36.775088
H51,-123.022173,36.778483
H51,-123.03211,36.801308
H51,-123.054828,36.817642
H51,-123.049055,36.844333
H51,-123.049938,36.872023
H51,-123.043778,36.888908
H51,-123.025433,36.916858
H51,-123.014668,36.949605
H51,-123.034857,36.960323
H51,-123.053695,36.97763
H51,-123.055437,36.985572
H51,-123.056103,36.986145
H51,-123.061753,36.982008
H51,-123.06258,36.982788
H51,-123.062508,36.983133
H51,-123.062467,36.98379
H51,-123.061908,36.984565
H51,-123.061662,36.98725
H51,-123.060977,36.98781
H51,-123.060152,36.98806
H51,-123.059127,36.987927
H51,-123.058225,36.98764
H51,-123.057398,36.987118
H51,-123.056283,36.98632
H51,-123.055147,36.985478
H51,-123.05437,36.984532
H51,-123.053588,36.983373
H51,-123.052738,36.981893
H51,-123.052272,36.980758
H51,-123.051592,36.979633
H51,-123.051087,36.978527
H51,-123.05047,36.977377
H51,-123.050048,36.975978
H51,-123.049988,36.97475
H51,-123.049747,36.973435
H51,-123.04934,36.972205
H51,-123.049368,36.970907
H51,-123.048965,36.969672
H51,-123.048613,36.968622
H51,-123.048578,36.967263
H51,-123.04812,36.966332
H51,-123.048023,36.965258
H51,-123.04805,36.96424
H51,-123.048325,36.96319
H51,-123.048653,36.962213
H51,-123.049433,36.960483
H51,-123.050218,36.961485
H51,-123.050413,36.959185
H51,-123.05085,36.958225
H51,-123.051475,36.957337
H51,-123.052165,36.9566
H51,-123.052857,36.955733
H51,-123.05392,36.954713
H51,-123.054823,36.953645
H51,-123.055932,36.952757
H51,-123.057305,36.951975
H51,-123.059203,36.951857
H51,-123.06115,36.952048
H51,-123.061935,36.951952
H51,-123.062682,36.95217
H51,-123.063062,36.952215
H51,-123.063242,36.952422
H51,-123.06383,36.95292
H51,-123.064373,36.952457
H51,-123.082353,36.966917
H51,-123.085277,36.967618
H51,-123.085915,36.967532
H51,-123.096955,36.972435
H51,-123.116002,36.995745
H51,-123.144752,37.01452
H51,-123.169785,37.025772
H51,-123.18758,37.039693
H51,-123.186205,37.043627
H51,-123.170165,37.064547
H51,-123.170877,37.064268
H51,-123.172062,37.063847
H51,-123.173333,37.063258
H51,-123.174723,37.062818
H51,-123.176115,37.062403
H51,-123.177245,37.062045
H51,-123.178625,37.062073
H51,-123.180358,37.061972
H51,-123.19609,37.068017
H51,-123.251192,37.058332
H51,-123.285332,37.062713
H51,-123.317122,37.074367
H51,-123.351515,37.085375
H51,-123.380992,37.099568
H51,-123.427363,37.100613
H51,-123.469167,37.102898
H51,-123.522787,37.097032
H51,-123.556435,37.096138
H51,-123.556828,37.096857
H51,-123.602548,37.098815
H51,-123.64321,37.106682
H51,-123.688358,37.114943
H51,-123.733747,37.117935
H51,-123.788173,37.118553
H51,-123.834158,37.11909
H51,-123.88526,37.120565
H51,-123.944428,37.107853
H51,-124.001488,37.10631
H51,-124.055827,37.09627
H51,-124.104345,37.088682
H51,-124.132668,37.097373
H51,-124.132688,37.095607
H51,-124.136027,37.092377
H51,-124.196072,37.08933
H51,-124.248717,37.08602
H51,-124.305612,37.08764
H51,-124.357738,37.08104
H51,-124.419897,37.06803
H51,-124.472888,37.071763
H51,-124.482567,37.07279
H51,-124.542163,37.073272
H51,-124.603733,37.066583
H51,-124.665175,37.062013
H51,-124.726712,37.05139
H51,-124.78262,37.046872
H51,-124.841045,37.044348
H51,-124.902427,37.040095
H51,-124.953137,37.041647
H51,-125.009227,37.039322
H51,-125.066883,37.025867
H51,-125.121145,37.026155
H51,-125.179257,37.022945
H51,-125.236097,37.012647
H51,-125.2876,37.008057
H51,-125.351325,36.995072
H51,-125.40075,36.992553
H51,-125.46192,36.97941
H51,-125.50224,36.966545000000004
H51,-125.551092,36.963045
H51,-125.602872,36.954042
H51,-125.662418,36.943752
H51,-125.716608,36.935217
H51,-125.767078,36.928733
H51,-125.766603,36.928698
H51,-125.76868,36.928528
H51,-125.768828,36.927518
H51,-125.774653,36.921832
H51,-125.840385,36.896765
H51,-125.904133,36.881442
H51,-125.97554,36.861535
H51,-126.034992,36.847987
H51,-126.098697,36.83267
H51,-126.147378,36.827303
H51,-126.167435,36.80778
H51,-126.205302,36.798078
H51,-126.275853,36.778598
H51,-126.339963,36.764482
H51,-126.40822,36.752465
H51,-126.47718,36.739197
H51,-126.544713,36.727973
H51,-126.610678,36.716525
H51,-126.681723,36.707823
H51,-126.75103,36.700042
H51,-126.805592,36.70066
H51,-126.868933,36.695722
H51,-126.936185,36.6908
H51,-127.002472,36.681008
H51,-127.026085,36.677755
H51,-127.025748,36.676873
H51,-127.025522,36.676222
H51,-127.066778,36.671178
H51,-127.144193,36.660632
H51,-127.152612,36.66037
H51,-127.153818,36.660918
H51,-127.155038,36.661475
H51,-127.156775,36.662128
H51,-127.15688,36.662457
H51,-127.172322,36.66548
H51,-127.173677,36.666117
H51,-127.175225,36.666973
H51,-127.205072,36.66562
H51,-127.229397,36.664903
H51,-127.312013,36.662012
H51,-127.368515,36.65778
H51,-127.418152,36.657172
H51,-127.500003,36.65974
H51,-127.580883,36.662297
H51,-127.660338,36.659613
H51,-127.708048,36.662073
H51,-127.71069,36.663713
H51,-127.713257,36.665523
H51,-127.715687,36.667505
H51,-127.717898,36.669445
H51,-127.719882,36.671365
H51,-127.721575,36.673137
H51,-127.723163,36.675103
H51,-127.724677,36.676858
H51,-127.725677,36.678475
H51,-127.726475,36.680192
H51,-127.742023,36.682627
H51,-127.803212,36.702407
H51,-127.861478,36.727895
H51,-127.916838,36.750763
H51,-127.968975,36.780387
H51,-128.025205,36.805633
H51,-128.074708,36.828143
H51,-128.122002,36.852783
H51,-128.172563,36.887273
H51,-128.223955,36.921097
H51,-128.280717,36.965855
H51,-128.33024700000001,36.990415
H51,-128.386112,37.02563
H51,-128.416388,37.048792
H51,-128.46534,37.089727
H51,-128.510303,37.137898
H51,-128.55763,37.193622
H51,-128.602567,37.24351
H51,-128.650517,37.293017999999996
H51,-128.69681,37.341772
H51,-128.747648,37.397152
H51,-128.79985,37.458005
H51,-128.849172,37.521697
H51,-128.90873,37.595505
H51,-128.95396,37.640028
H51,-129.015897,37.708697
H51,-129.07107,37.774167
H51,-129.133027,37.846053
H51,-129.193042,37.91818
H51,-129.268855,38.004603
H51,-129.300517,38.016405
H51,-129.300428,38.015622
H51,-129.299938,38.01348
H51,-129.298687,38.013303
H51,-129.298653,38.011912
H51,-129.302333,38.011898
H51,-129.37127,38.067487
H51,-129.457357,38.122678
H51,-129.544672,38.171802
H51,-129.558477,38.155403
H51,-129.596037,38.130598
H51,-129.621177,38.136002
H51,-129.702112,38.187285
H51,-129.80012,38.245368
H51,-129.874108,38.285747
H51,-129.981852,38.34062
H51,-130.105242,38.407722
H51,-130.173895,38.431672
H51,-130.313557,38.500252
H51,-130.408442,38.56228
H51,-130.512875,38.641633
H51,-130.606107,38.732912
H51,-130.701798,38.819403
H51,-130.804523,38.903342
H51,-130.858043,38.976468
H51,-130.899053,39.043563
H51,-130.967368,39.103047
H51,-131.03074,39.16618
H51,-131.092957,39.236555
H51,-131.157678,39.296735
H51,-131.214718,39.368673
H51,-131.26339,39.425493
H51,-131.329785,39.498058
H51,-131.328738,39.498438
H51,-131.327488,39.49876
H51,-131.326205,39.499895
H51,-131.32487,39.499668
H51,-131.325177,39.500993
H51,-131.321988,39.50151
H51,-131.320458,39.502195
H51,-131.38724,39.564652
H51,-131.457762,39.653522
H51,-131.512632,39.72382
H51,-131.583098,39.814222
H51,-131.653932,39.904467
H51,-131.713462,39.999735
H51,-131.77845,40.094148
H51,-131.840035,40.180703
H51,-131.891493,40.275787
H51,-131.947042,40.336922
H51,-132.002557,40.404168
H51,-132.07187,40.489453
H51,-132.13072,40.580517
H51,-132.176852,40.658
H51,-132.247793,40.75792
H51,-132.325013,40.835753
H51,-132.365735,40.95194
H51,-132.447957,41.059207
H51,-132.503415,41.167712
H51,-132.571873,41.256983
H51,-132.643318,41.374758
H51,-132.73063200000001,41.484985
H51,-132.821093,41.593903
H51,-132.91857,41.710002
H51,-132.993815,41.800835
H51,-133.069703,41.917967
H51,-133.09272,42.04589
H51,-133.146532,42.154123
H51,-133.217137,42.240048
H51,-133.253417,42.278062
H51,-133.251433,42.280885
H51,-133.324503,42.346815
H51,-133.428318,42.436812
H51,-133.531118,42.54282
H51,-133.611057,42.633395
H51,-133.667923,42.677688
H51,-133.752788,42.761418
H51,-133.837033,42.8531
H51,-133.916432,42.952757
H51,-133.981845,43.051975
H51,-134.068363,43.1527
H51,-134.128528,43.22204
H51,-134.189992,43.305998
H51,-134.2402,43.38882
H51,-134.282127,43.448775
H51,-134.331407,43.520808
H51,-134.37033,43.573703
H51,-134.424543,43.639408
H51,-134.486753,43.711307
H51,-134.526123,43.781743
H51,-134.570203,43.85043
H51,-134.614738,43.89865
H51,-134.64471700000001,43.93753
H51,-134.675068,43.993817
H51,-134.703775,44.047727
H51,-134.738862,44.114568
H51,-134.77173,44.181247
H51,-134.800947,44.226798
H51,-134.8293,44.293088
H51,-134.860615,44.358132
H51,-134.88999,44.425013
H51,-134.915565,44.491072
H51,-134.932348,44.563148
H51,-134.954553,44.632038
H51,-134.976482,44.686522
H51,-134.996682,44.747828
H51,-135.013558,44.815557
H51,-134.999882,44.857
H51,-135.010508,44.881048
H51,-134.99733,44.938597
H51,-134.991387,44.986763
H51,-134.977617,45.036788
H51,-134.974312,45.07221
H51,-134.982728,45.094603
H51,-134.992643,45.129543
H51,-134.99132,45.165823
H51,-134.999885,45.1877
H51,-135.002347,45.221258
H51,-134.977792,45.244595
H51,-134.96658300000001,45.280413
H51,-134.95606,45.310587
H51,-134.937408,45.33739
H51,-134.938293,45.33739
H51,-134.936905,45.336747
H51,-134.935272,45.335975
H51,-134.934085,45.335308
H51,-134.932478,45.334813
H51,-134.930933,45.334285
H51,-134.929168,45.333772
H51,-134.924422,45.335137
H51,-134.890593,45.381662
H51,-134.872775,45.419185
H51,-134.841947,45.460585
H51,-134.83805,45.495323
H51,-134.83609,45.502342
H51,-134.835022,45.49928
H51,-134.833865,45.496598
H51,-134.832752,45.493633
H51,-134.818588,45.510637
H51,-134.79397,45.557378
H51,-134.794535,45.588302
H51,-134.79217,45.635043
H51,-134.791975,45.675862
H51,-134.783277,45.72205
H51,-134.784432,45.758678
H51,-134.782382,45.803923
H51,-134.776313,45.845965
H51,-134.788485,45.886383
H51,-134.788682,45.939818
H51,-134.794982,45.98034
H51,-134.800907,46.019903
H51,-134.800718,46.077048
H51,-134.799602,46.134168
H51,-134.806978,46.187852
H51,-134.813382,46.24804
H51,-134.811798,46.306127
H51,-134.802477,46.376308
H51,-134.810792,46.431553
H51,-134.800662,46.488918
H51,-134.799558,46.540773
H51,-134.788937,46.601578
H51,-134.791122,46.66383
H51,-134.785452,46.734745
H51,-134.776602,46.796365
H51,-134.769593,46.862677
H51,-134.766938,46.935952
H51,-134.770628,46.989942
H51,-134.779465,47.061085
H51,-134.780682,47.133392
H51,-134.75876,47.21004
H51,-134.756068,47.27524
H51,-134.751273,47.351522
H51,-134.749057,47.426747
H51,-134.758277,47.50637
H51,-134.765698,47.573935
H51,-134.771043,47.621773
H51,-134.782712,47.67246
H51,-134.802895,47.747822
H51,-134.819173,47.828232
H51,-134.845527,47.88442
H51,-134.879077,47.953513
H51,-134.921482,48.020568
H51,-134.966887,48.095292
H51,-135.001365,48.14302
H51,-134.989563,48.244828
H51,-134.988733,48.320607
H51,-135.010415,48.404637
H51,-135.049435,48.47988
H51,-135.07347,48.50819
H51,-135.078078,48.521547
H51,-135.042105,48.48912
H51,-135.097203,48.554627
H51,-135.10496,48.566673
H51,-135.154445,48.627918
H51,-135.195518,48.702033
H51,-135.250128,48.765633
H51,-135.28788,48.833168
H51,-135.332427,48.872872
H51,-135.389325,48.940567
H51,-135.461233,49.010663
H51,-135.496893,49.055385
H51,-135.547515,49.09345
H51,-135.631815,49.139515
H51,-135.71586,49.18493
H51,-135.782037,49.228387
H51,-135.86171,49.277922
H51,-135.923013,49.308705
H51,-135.995892,49.334565
H51,-136.084612,49.378967
H51,-136.161255,49.393367
H51,-136.249828,49.403082
H51,-136.317688,49.417632
H51,-136.409208,49.443535
H51,-136.494925,49.461432
H51,-136.560647,49.48191
H51,-136.649028,49.519722
H51,-136.720747,49.528922
H51,-136.795875,49.552963
H51,-136.881275,49.581073
H51,-136.887528,49.579752
H51,-136.950817,49.600283
H51,-137.017112,49.633473
H51,-137.093762,49.653282
H51,-137.175852,49.681938
H51,-137.227428,49.705862
H51,-137.315555,49.712823
H51,-137.383465,49.722375
H51,-137.481765,49.72826
H51,-137.56449,49.763572
H51,-137.650408,49.798655
H51,-137.735218,49.833307
H51,-137.797215,49.859928
H51,-137.915427,49.88752
H51,-138.003348,49.926317
H51,-138.094563,49.978245
H51,-138.152653,50.007922
H51,-138.261503,50.048902
H51,-138.365433,50.080103
H51,-138.452818,50.109937
H51,-138.454502,50.108692
H51,-138.454707,50.107875
H51,-138.455988,50.106772
H51,-138.456995,50.10582
H51,-138.457757,50.104925
H51,-138.458613,50.103948
H51,-138.478633,50.106425
H51,-138.573297,50.114335
H51,-138.673145,50.105778
H51,-138.77185,50.093353
H51,-138.78141,50.079085
H51,-138.77877,50.076567
H51,-138.779238,50.076363
H51,-138.779182,50.075572
H51,-138.779662,50.075177
H51,-138.779862,50.074852
H51,-138.779542,50.074172
H51,-138.795455,50.069662
H51,-138.872325,50.038918
H51,-138.947725,50.000493
H51,-139.032113,49.955893
H51,-139.102763,49.92999
H51,-139.174617,49.894763
H51,-139.242288,49.881667
H51,-139.312138,49.848255
H51,-139.383917,49.822593
H51,-139.40345,49.812007
H51,-139.402263,49.811558
H51,-139.400945,49.810837
H51,-139.399955,49.809962
H51,-139.39858,49.808837
H51,-139.397595,49.80789
H51,-139.396168,49.806665
H51,-139.39483,49.80552
H51,-139.39455,49.804157
H51,-139.445735,49.774552
H51,-139.531168,49.740795
H51,-139.620762,49.702762
H51,-139.707373,49.665848
H51,-139.766467,49.653625
H51,-139.858358,49.63779
H51,-139.949928,49.61816
H51,-140.041052,49.599353
H51,-140.127163,49.588913
H51,-140.209483,49.580553
H51,-140.281873,49.566097
H51,-140.359255,49.538977
H51,-140.443648,49.501425
H51,-140.485577,49.484373
H51,-140.486227,49.483443
H51,-140.486638,49.482642
H51,-140.521512,49.45896
H51,-140.58762,49.413978
H51,-140.62961,49.380048
H51,-140.595672,49.353077
H51,-140.496915,49.351673
H51,-140.453045,49.342067
H51,-140.503525,49.307207
H51,-140.57075,49.281963
H51,-140.619202,49.25765
H51,-140.531473,49.24775
H51,-140.427177,49.243512
H51,-140.364108,49.259522
H51,-140.267782,49.256128
H51,-140.276962,49.195273
H51,-140.336327,49.177065
H51,-140.42334,49.150157
H51,-140.506657,49.132768
H51,-140.594575,49.115387
H51,-140.667095,49.111503
H51,-140.731335,49.106992
H51,-140.79902,49.096582
H51,-140.894677,49.082795
H51,-140.978383,49.077187
H51,-141.062032,49.076093
H51,-141.155125,49.069702
H51,-141.229943,49.059153
H51,-141.312595,49.050758
H51,-141.373692,49.049287
H51,-141.442398,49.06156
H51,-141.505712,49.061653
H51,-141.563373,49.065037
H51,-141.62375,49.062685
H51,-141.694512,49.064265
H51,-141.779273,49.053658
H51,-141.85761,49.061473
H51,-141.951083,49.063783
H51,-142.022293,49.077223
H51,-142.06839,49.063318
H51,-142.1473,49.057532
H51,-142.206722,49.042817
H51,-142.28465,49.01544
H51,-142.325275,48.989455
H51,-142.355733,48.958145
H51,-142.39513,48.944077
H51,-142.414913,48.985747
H51,-142.440268,49.027327
H51,-142.517255,48.997427
H51,-142.58459,48.998937
H51,-142.657083,49.00876
H51,-142.726055,49.022632
H51,-142.786067,49.048462
H51,-142.837535,49.0802
H51,-142.915467,49.103492
H51,-142.953317,49.114492
H51,-143.016507,49.11524
H51,-143.103728,49.132102
H51,-143.195948,49.139983
H51,-143.272443,49.141198
H51,-143.36397,49.140018
H51,-143.463135,49.15827
H51,-143.565832,49.16824
H51,-143.672293,49.169303
H51,-143.765812,49.167623
H51,-143.851205,49.161558
H51,-143.960263,49.150693
H51,-144.066997,49.145678
H51,-144.16213,49.123673
H51,-144.26774700000001,49.114967
H51,-144.380447,49.08481
H51,-144.476797,49.052375
H51,-144.576947,49.012667
H51,-144.678943,48.976715
H51,-144.78074,48.942525
H51,-144.879395,48.901852
H51,-144.982582,48.876242
H51,-145.091425,48.846487
H51,-145.202552,48.806667
H51,-145.284692,48.760975
H51,-145.372698,48.720512
H51,-145.455425,48.672635
H51,-145.569555,48.619187
H51,-145.686225,48.57514
H51,-145.74851,48.566358
H51,-145.884732,48.528583
H51,-146.004957,48.500553
H51,-146.066597,48.484707
H51,-146.13675,48.458385
H51,-146.21538,48.44948
H51,-146.267252,48.464095
H51,-146.247612,48.458925
H51,-146.2493,48.469462
H51,-146.26351,48.471523
H51,-146.258333,48.45936
H51,-146.30753,48.465665
H51,-146.31267,48.469017
H51,-146.373163,48.491642
H51,-146.389988,48.498228
H51,-146.444827,48.51278
H51,-146.44467,48.513782
H51,-146.441355,48.514528
H51,-146.437923,48.515177
H51,-146.4348,48.515672
H51,-146.431958,48.515873
H51,-146.428952,48.515875
H51,-146.426073,48.515817
H51,-146.423152,48.51578
H51,-146.420215,48.515445
H51,-146.417318,48.515002
H51,-146.414468,48.514302
H51,-146.411608,48.513683
H51,-146.409065,48.51331
H51,-146.40671,48.512887
H51,-146.404748,48.512552
H51,-146.402532,48.512098
H51,-146.400037,48.511377
H51,-146.397943,48.51083
H51,-146.39584,48.5104
H51,-146.453708,48.520292
H51,-146.524913,48.53731
H51,-146.589678,48.529753
H51,-146.64145,48.531858
H51,-146.694552,48.537350000000004
H51,-146.753345,48.548045
H51,-146.751447,48.546867
H51,-146.749423,48.545538
H51,-146.747302,48.544328
H51,-146.745658,48.542997
H51,-146.743838,48.541565
H51,-146.7422,48.54018
H51,-146.74038,48.53892
H51,-146.758747,48.533038
H51,-146.762447,48.490005
H51,-146.782703,48.452525
H51,-146.815612,48.434955
H51,-146.82277,48.41849
H51,-146.838365,48.443273
H51,-146.873842,48.47152
H51,-146.873392,48.422052
H51,-146.874755,48.387315
H51,-146.888237,48.344735
H51,-146.903965,48.30183
H51,-146.93645,48.270262
H51,-146.95392,48.231312
H51,-146.969293,48.193458
H51,-146.986532,48.170203
H51,-147.005535,48.157062
H51,-147.046033,48.150745
H51,-147.058842,48.134945
H51,-147.07163,48.075857
H51,-147.109318,48.073022
H51,-147.14232,48.027605
H51,-147.153027,47.995702
H51,-147.173267,47.941205
H51,-147.214888,47.91221
H51,-147.252867,47.878002
H51,-147.30443,47.854857
H51,-147.342373,47.801072
H51,-147.365177,47.79739
H51,-147.393988,47.809228
H51,-147.417423,47.828642
H51,-147.384202,47.879037
H51,-147.33717,47.926438
H51,-147.321372,47.955688
H51,-147.321792,47.975587
H51,-147.368278,47.983862
H51,-147.380573,47.993692
H51,-147.440177,47.984027
H51,-147.505727,47.968707
H51,-147.568703,47.961958
H51,-147.58793,47.996267
H51,-147.622777,47.999918
H51,-147.687413,47.97131
H51,-147.767988,47.917992
H51,-147.85694,47.860978
H51,-147.938403,47.827343
H51,-148.010322,47.791685
H51,-148.052858,47.77807
H51,-148.035638,47.79275
H51,-148.014712,47.80696
H51,-148.048802,47.784197
H51,-147.99956,47.782263
H51,-147.963822,47.816532
H51,-147.932482,47.80643
H51,-147.962205,47.790295
H51,-147.928517,47.810018
H51,-147.851825,47.833165
H51,-147.829592,47.793633
H51,-147.922065,47.758327
H51,-148.014498,47.72625
H51,-148.115108,47.6986
H51,-148.200022,47.677113
H51,-148.30241,47.66625
H51,-148.39249,47.660867
H51,-148.486847,47.610872
H51,-148.613578,47.572275
H51,-148.691617,47.547055
H51,-148.791032,47.515028
H51,-148.920215,47.495522
H51,-149.00481,47.484067
H51,-149.12598499999999,47.446307
H51,-149.228715,47.431927
H51,-149.321713,47.424088
H51,-149.42426,47.410752
H51,-149.51565,47.40234
H51,-149.618232,47.390923
H51,-149.70375,47.371223
H51,-149.7958,47.359163
H51,-149.885908,47.340532
H51,-149.993622,47.315885
H51,-150.104998,47.281203
H51,-150.216107,47.244043
H51,-150.322735,47.204597
H51,-150.430745,47.171802
H51,-150.519045,47.145147
H51,-150.585017,47.126815
H51,-150.635503,47.102193
H51,-150.608088,47.10561
H51,-150.688498,47.084583
H51,-150.700405,47.102283
H51,-150.64996,47.124023
H51,-150.693452,47.126337
H51,-150.744037,47.125157
H51,-150.794445,47.119798
H51,-150.847565,47.122415
H51,-150.90599,47.111195
H51,-150.959505,47.107738
H51,-151.009805,47.104615
H51,-151.087822,47.08812
H51,-151.165902,47.077322
H51,-151.169362,47.093978
H51,-151.230988,47.090895
H51,-151.300097,47.08039
H51,-151.36581,47.073547
H51,-151.397518,47.078235
H51,-151.438927,47.076052
H51,-151.401235,47.106902
H51,-151.341168,47.13346
H51,-151.295655,47.160348
H51,-151.263497,47.181617
H51,-151.222152,47.192855
H51,-151.219842,47.191283
H51,-151.217948,47.189525
H51,-151.216085,47.187787
H51,-151.21284,47.186153
H51,-151.21037,47.184575
H51,-151.207995,47.1834
H51,-151.205695,47.181615
H51,-151.20353,47.179853
H51,-151.20092,47.17738
H51,-151.19882,47.175385
H51,-151.196713,47.173393
H51,-151.194965,47.171402
H51,-151.193823,47.169067
H51,-151.192588,47.167017
H51,-151.190855,47.164725
H51,-151.189472,47.16258
H51,-151.187993,47.160357
H51,-151.186367,47.158307
H51,-151.185393,47.155993
H51,-151.18454,47.153455
H51,-151.18347,47.151038
H51,-151.182712,47.1487
H51,-151.181602,47.146512
H51,-151.180865,47.144385
H51,-151.181662,47.141793
H51,-151.181392,47.139832
H51,-151.18001,47.130548
H51,-151.180175,47.128322
H51,-151.180015,47.125987
H51,-151.180528,47.123322
H51,-151.18126,47.120803
H51,-151.21819,47.0897
H51,-151.248438,47.068617
H51,-151.291233,47.035348
H51,-151.358818,46.980135
H51,-151.408613,46.943042
H51,-151.408645,46.941398
H51,-151.408687,46.939535
H51,-151.408868,46.937643
H51,-151.408983,46.936032
H51,-151.410778,46.929748
H51,-151.417947,46.921713
H51,-151.476832,46.885898
H51,-151.525325,46.861312
H51,-151.571638,46.833947
H51,-151.622265,46.80278
H51,-151.684182,46.765735
H51,-151.68828,46.769632
H51,-151.709727,46.759608
H51,-151.73936,46.761853
H51,-151.796398,46.746413
H51,-151.840868,46.735692
H51,-151.893077,46.72316
H51,-151.845798,46.745223
H51,-151.77848,46.761012
H51,-151.821865,46.704368
H51,-151.78223499999999,46.654432
H51,-151.775053,46.67271
H51,-151.735102,46.704863
H51,-151.741115,46.721883
H51,-151.725663,46.731623
H51,-151.744588,46.737833
H51,-151.742987,46.747873
H51,-151.705105,46.775582
H51,-151.719452,46.783623
H51,-151.704652,46.815785
H51,-151.736478,46.811422
H51,-151.78478,46.8181
H51,-151.781148,46.812497
H51,-151.75361,46.81766
H51,-151.775912,46.809295
H51,-151.76171,46.794372
H51,-151.816233,46.74258
H51,-151.841107,46.70959
H51,-151.879352,46.678935
H51,-151.946668,46.630978
H51,-151.97466,46.597162
H51,-152.061763,46.531603
H51,-152.077725,46.532928
H51,-152.033232,46.551877
H51,-151.995597,46.573435
H51,-151.961408,46.60929
H51,-151.981637,46.576823
H51,-151.93629,46.577208
H51,-151.93686,46.552268
H51,-151.967802,46.51371
H51,-152.021575,46.456738
H51,-152.090762,46.41939
H51,-152.086467,46.464317
H51,-152.074503,46.524638
H51,-152.052315,46.58251
H51,-152.063667,46.623292
H51,-152.07225,46.656597
H51,-152.082888,46.709367
H51,-152.064267,46.73439
H51,-152.08308,46.7817
H51,-152.092927,46.825843
H51,-152.087512,46.860448
H51,-152.085848,46.90874
H51,-152.10284,46.887308
H51,-152.056525,46.902203
H51,-152.069297,46.942715
H51,-152.113768,46.956565
H51,-152.184358,46.939015
H51,-152.206012,46.887873
H51,-152.219547,46.849097
H51,-152.234715,46.873313
H51,-152.218557,46.939353
H51,-152.200443,46.990857
H51,-152.196453,47.028807
H51,-152.224948,47.080448
H51,-152.237215,47.127897
H51,-152.275503,47.136847
H51,-152.292313,47.167238
H51,-152.312785,47.227427
H51,-152.355868,47.268537
H51,-152.380393,47.323997
H51,-152.423033,47.39108
H51,-152.426058,47.395667
H51,-152.424838,47.394483
H51,-152.437278,47.449322
H51,-152.440123,47.51477
H51,-152.463563,47.5815
H51,-152.466773,47.660985
H51,-152.484617,47.735838
H51,-152.344335,47.707908
H51,-152.273692,47.66517
H51,-152.225137,47.647093
H51,-152.12462,47.599635
H51,-152.065963,47.532847
H51,-151.995038,47.492475
H51,-151.940357,47.479095
H51,-151.993272,47.545168
H51,-152.028508,47.531562
H51,-152.011188,47.473402
H51,-151.987983,47.42068
H51,-151.979008,47.38018
H51,-151.965828,47.327358
H51,-151.939403,47.282495
H51,-151.92938,47.252063
H51,-151.922122,47.220915
H51,-151.908312,47.18008
H51,-151.91025,47.174178
H51,-151.90848,47.175022
H51,-151.906395,47.175537
H51,-151.904197,47.176332
H51,-151.901877,47.17735
H51,-151.89953,47.178468
H51,-151.897027,47.179597
H51,-151.894497,47.180935
H51,-151.892032,47.181957
H51,-151.889307,47.183068
H51,-151.886322,47.184517
H51,-151.88341,47.18558
H51,-151.880393,47.186668
H51,-151.877063,47.187807
H51,-151.874073,47.189018
H51,-151.87075,47.190085
H51,-151.867602,47.191097
H51,-151.864473,47.192073
H51,-151.860525,47.192977
H51,-151.856963,47.193625
H51,-151.85343,47.194385
H51,-151.850053,47.195247
H51,-151.833135,47.198127
H51,-151.829282,47.1985
H51,-151.825178,47.199395
H51,-151.813197,47.19024
H51,-151.809537,47.187925
H51,-151.775985,47.165545
H51,-151.729407,47.123767
H51,-151.703715,47.099868
H51,-151.693363,47.094092
H51,-151.645545,47.05962
H51,-151.62676,47.048477
H51,-151.623245,47.048428
H51,-151.619693,47.048488
H51,-151.616033,47.048228
H51,-151.61363,47.049257
H51,-151.608127,47.04581
H51,-151.604855,47.044638
H51,-151.601562,47.042938
H51,-151.69575,46.945252
H51,-151.708193,46.944812
H51,-151.751097,46.90669
H51,-151.792122,46.873257
H51,-151.815617,46.851553
H51,-151.849975,46.815083
H51,-151.89654,46.768737
H51,-151.929907,46.72047
H51,-151.872432,46.75506
H51,-151.835442,46.801725
H51,-151.838677,46.81581
H51,-151.83935,46.824142
H51,-151.852097,46.819133
H51,-151.845075,46.837408
H51,-151.818867,46.804682
H51,-151.805173,46.792573
H51,-151.80461,46.779933
H51,-151.809703,46.79673
H51,-151.81093,46.778033
H51,-151.801508,46.774518
H51,-151.787308,46.765447
H51,-151.771,46.774883
H51,-151.779663,46.766513
H51,-151.758283,46.76782
H51,-151.766833,46.770467
H51,-151.767318,46.772007
H51,-151.745985,46.771515
H51,-151.770217,46.732452
H51,-151.782085,46.750565
H51,-151.802262,46.743763
H51,-151.817983,46.726842
H51,-151.81484,46.735547
H51,-151.824262,46.734998
H51,-151.822115,46.743983
H51,-151.832797,46.759945
H51,-151.832193,46.769362
H51,-151.843707,46.784145
H51,-151.813803,46.760723
H51,-151.834305,46.752012
H51,-151.860472,46.743957
H51,-151.86397,46.746158
H51,-151.850905,46.778167
H51,-151.81869,46.774092
H51,-151.778048,46.799563
H51,-151.78462,46.771962
H51,-151.758522,46.76306
H51,-151.779097,46.74079
H51,-151.797783,46.733347
H51,-151.824592,46.714737
H51,-151.826353,46.708438
H51,-151.845907,46.708385
H51,-151.869527,46.692013
H51,-151.88661,46.715755
H51,-151.866977,46.769652
H51,-151.877832,46.76976
H51,-151.88093,46.789758
H51,-151.888632,46.801015
H51,-151.901055,46.79905
H51,-151.91797,46.78081
H51,-151.931997,46.75298
H51,-151.95477,46.724033
H51,-151.948582,46.742478
H51,-151.945912,46.725382
H51,-151.95377,46.696712
H51,-151.95425,46.733528
H51,-151.943013,46.762638
H51,-151.948975,46.746185
H51,-151.957383,46.714752
H51,-151.965602,46.702245
H51,-151.996537,46.67283
H51,-152.027658,46.646723
H51,-152.009138,46.680865
H51,-152.0026,46.71387
H51,-152.000668,46.73643
H51,-152.033445,46.723965
H51,-152.04781,46.725098
H51,-152.039565,46.744708
H51,-152.054888,46.757963
H51,-152.068407,46.75493
H51,-152.096172,46.741148
H51,-152.095538,46.771817
H51,-152.095877,46.80081
H51,-152.092797,46.81831
H51,-152.119993,46.807492
H51,-152.114222,46.821783
H51,-152.110818,46.822213
H51,-152.11862,46.83202
H51,-152.158113,46.796475
H51,-152.160848,46.815813
H51,-152.169717,46.831378
H51,-152.190185,46.829823
H51,-152.195152,46.826532
H51,-152.192143,46.824757
H51,-152.18949,46.823302
H51,-152.186985,46.821985
H51,-152.184353,46.820447
H51,-152.181617,46.819062
H51,-152.179125,46.817868
H51,-152.176358,46.816668
H51,-152.173638,46.815638
H51,-152.170692,46.81389
H51,-152.168592,46.812602
H51,-152.166578,46.810527
H51,-152.164962,46.808767
H51,-152.163138,46.806602
H51,-152.161752,46.8043
H51,-152.160452,46.802335
H51,-152.15884,46.80053
H51,-152.157575,46.798412
H51,-152.156347,46.796423
H51,-152.15472,46.794507
H51,-152.15286,46.792498
H51,-152.151315,46.790525
H51,-152.149418,46.78879
H51,-152.148078,46.786913
H51,-152.14687,46.784685
H51,-152.14571,46.783147
H51,-152.144067,46.781568
H51,-152.142707,46.78008
H51,-152.141683,46.778453
H51,-152.140547,46.77664
H51,-152.139473,46.77508
H51,-152.137545,46.773848
H51,-152.135362,46.772683
H51,-152.134008,46.771618
H51,-152.132437,46.770635
H51,-152.130572,46.769688
H51,-152.128952,46.768728
H51,-152.126837,46.76797
H51,-152.1251,46.76672
H51,-152.123593,46.765107
H51,-152.121622,46.764113
H51,-152.119563,46.763177
H51,-152.117775,46.761973
H51,-152.116687,46.760375
H51,-152.115503,46.759005
H51,-152.114305,46.757367
H51,-152.11247,46.755788
H51,-152.110755,46.754398
H51,-152.109452,46.752752
H51,-152.108275,46.751403
H51,-152.078913,46.772707
H51,-152.058772,46.786063
H51,-152.057597,46.785302
H51,-152.0288,46.809018
H51,-152.027753,46.807688
H51,-152.026855,46.805202
H51,-152.068012,46.760363
H51,-152.067432,46.760465
H51,-152.082947,46.744168
H51,-152.089998,46.759758
H51,-152.069265,46.782805
H51,-152.017625,46.788877
H51,-152.03105,46.7642
H51,-152.01634,46.769542
H51,-152.051638,46.747497
H51,-152.046753,46.737988
H51,-152.059157,46.742417
H51,-152.073427,46.760518
H51,-152.083148,46.74695
H51,-152.09234,46.746585
H51,-152.108467,46.760980000000004
H51,-152.130178,46.753565
H51,-152.079798,46.769207
H51,-152.02083,46.802317
H51,-152.012173,46.812117
H51,-152.041505,46.806873
H51,-152.017855,46.837225
H51,-152.021938,46.795783
H51,-152.04214,46.778018
H51,-152.077128,46.74976
H51,-152.047435,46.73679
H51,-152.008877,46.75377
H51,-151.96062,46.765057
H51,-151.920547,46.763525
H51,-151.948155,46.759605
H51,-151.93897,46.778757
H51,-151.957338,46.78188
H51,-151.970437,46.790092
H51,-151.928392,46.808817
H51,-151.964265,46.790407
H51,-151.97003,46.798388
H51,-151.978032,46.818827
H51,-151.979743,46.825483
H51,-151.993667,46.817997
H51,-151.989763,46.828897
H51,-151.977487,46.826413
H51,-151.999957,46.834167
H51,-151.981248,46.849255
H51,-151.98469,46.847278
H51,-151.971108,46.843735
H51,-151.95954,46.829785
H51,-151.980435,46.833898
H51,-151.977043,46.854035
H51,-151.980622,46.868082
H51,-151.979043,46.852358
H51,-151.927045,46.8903
H51,-151.931763,46.896675
H51,-151.928677,46.896082
H51,-151.94898,46.892132
H51,-151.97346,46.90262
H51,-152.00882,46.902693
H51,-152.053912,46.869187
H51,-152.096573,46.854787
H51,-152.074638,46.867783
H51,-152.08987,46.861767
H51,-152.116193,46.86508
H51,-152.09289,46.88931
H51,-152.060085,46.912063
H51,-152.029977,46.938902
H51,-152.06659200000001,46.925098
H51,-152.068575,46.923585
H51,-152.115553,46.90227
H51,-152.139432,46.859195
H51,-152.139373,46.856897
H51,-152.121565,46.8639
H51,-152.1133,46.849068
H51,-152.068643,46.840853
H51,-151.99426,46.833718
H51,-151.92838,46.85459
H51,-151.857557,46.869318
H51,-151.84438,46.876935
H51,-151.899717,46.85335
H51,-151.952583,46.82141
H51,-151.95287,46.820038
H51,-151.953037,46.819495
H51,-151.983705,46.796498
H51,-151.996892,46.76164
H51,-152.028662,46.736443
H51,-152.062637,46.73138
H51,-152.045485,46.755625
H51,-152.075155,46.757732
H51,-152.076022,46.757357
H51,-152.076808,46.757182
H51,-152.077875,46.75693
H51,-152.0788,46.756855
H51,-152.079682,46.756928
H51,-152.08008,46.756932
H51,-152.080475,46.75719
H51,-152.080947,46.757287
H51,-152.081085,46.757512
H51,-152.081162,46.757648
H51,-152.081452,46.757807
H51,-152.08201,46.758058
H51,-152.082318,46.758303
H51,-152.082743,46.758632
H51,-152.083015,46.75892
H51,-152.083587,46.759605
H51,-152.084068,46.760418
H51,-152.08434,46.761318
H51,-152.084583,46.762137
H51,-152.084493,46.762995
H51,-152.084098,46.763877
H51,-152.083522,46.764658
H51,-152.082523,46.765462
H51,-152.080325,46.766095
H51,-152.084125,46.769755
H51,-152.083423,46.770667
H51,-152.082262,46.771588
H51,-152.081133,46.772555
H51,-152.079767,46.773758
H51,-152.078452,46.774675
H51,-152.077392,46.775467
H51,-152.07584,46.776507
H51,-152.074708,46.777215
H51,-152.072942,46.778493
H51,-152.029355,46.78312
H51,-151.97338,46.797722
H51,-151.922915,46.808668
H51,-151.894228,46.815298
H51,-151.883032,46.818038
H51,-151.871102,46.819813
H51,-151.850097,46.818232
H51,-151.857475,46.802097
H51,-151.848867,46.788622
H51,-151.81305,46.80354
H51,-151.774217,46.833702
H51,-151.800082,46.799992
H51,-151.815315,46.774352
H51,-151.813262,46.773807
H51,-151.8099,46.768248
H51,-151.75896,46.79891
H51,-151.757082,46.798888
H51,-151.767677,46.779645
H51,-151.821952,46.76713
H51,-151.792493,46.810195
H51,-151.757433,46.845933
H51,-151.773223,46.857052
H51,-151.851043,46.854402
H51,-151.915715,46.854827
H51,-151.988993,46.874218
H51,-151.94708,46.910575
H51,-151.920418,46.917868
H51,-151.870005,46.897598
H51,-151.746915,46.793208
H51,-151.748142,46.781815
H51,-151.782198,46.766025
H51,-151.77691,46.742478
H51,-151.765935,46.751992
H51,-151.767658,46.751388
H51,-151.786788,46.75807
H51,-151.77822,46.752648
H51,-151.79071,46.735962
H51,-151.840248,46.74261
H51,-151.81411,46.753118
H51,-151.82374,46.77962
H51,-151.801762,46.773292
H51,-151.827628,46.759972
H51,-151.836728,46.733957
H51,-151.887872,46.707997
H51,-151.907423,46.688037
H51,-151.991302,46.68816
H51,-151.994493,46.72327
H51,-152.03444,46.732455
H51,-152.020125,46.746248
H51,-151.97857,46.780402
H51,-151.987907,46.778115
H51,-151.94429,46.784198
H51,-151.94211,46.781678
H51,-151.931673,46.78849
H51,-151.912068,46.791085
H51,-151.957177,46.806373
H51,-151.94256,46.822685
H51,-151.90392,46.81116
H51,-151.879883,46.81869
H51,-151.855967,46.820138
H51,-151.877192,46.80476
H51,-151.87588,46.81963
H51,-151.889097,46.850032
H51,-151.863648,46.852537
H51,-151.874717,46.852363
H51,-151.85932,46.849538
H51,-151.890633,46.837908
H51,-151.88402,46.844025
H51,-151.906908,46.852372
H51,-151.92209,46.864002
H51,-151.85581,46.876487
H51,-151.932455,46.869405
H51,-151.979857,46.87081
H51,-151.945562,46.869308
H51,-151.933048,46.862365
H51,-151.909323,46.872312
H51,-151.90764,46.860855
H51,-151.888855,46.858922
H51,-151.936262,46.850032
H51,-151.937545,46.842417
H51,-151.913408,46.844633
H51,-151.918303,46.840427
H51,-151.92256,46.835165
H51,-151.92068,46.836973
H51,-151.923918,46.835818
H51,-151.94217,46.824597
H51,-152.005675,46.807963
H51,-151.983338,46.818255
H51,-152.038557,46.793933
H51,-152.022152,46.797153
H51,-152.019395,46.790777
H51,-152.012525,46.788127
H51,-151.98304,46.817922
H51,-151.936127,46.842235
H51,-151.9419,46.858627
H51,-151.89482,46.877302
H51,-151.873627,46.882237
H51,-151.898403,46.874138
H51,-151.906048,46.87215
H51,-151.903872,46.872752
H51,-151.901308,46.87306
H51,-151.899285,46.873793
H51,-151.896843,46.874015
H51,-151.894973,46.874722
H51,-151.89268,46.875283
H51,-151.890718,46.875565
H51,-151.88846,46.876385
H51,-151.886837,46.87673
H51,-151.885085,46.877015
H51,-151.882558,46.876912
H51,-151.880058,46.876372
H51,-151.877507,46.875203
H51,-151.874892,46.873779999999996
H51,-151.872682,46.87278
H51,-151.870567,46.871493
H51,-151.868422,46.870438
H51,-151.866317,46.86928
H51,-151.881895,46.869528
H51,-151.887688,46.864963
H51,-151.884833,46.863528
H51,-151.87814,46.87255
H51,-151.862595,46.922872
H51,-151.84394699999999,46.97134
H51,-151.83884,47.005
H51,-151.831192,47.049673
H51,-151.84704,47.089658
H51,-151.884932,47.097598
H51,-151.921212,47.079865
H51,-151.938377,47.064008
H51,-151.952027,47.0412
H51,-151.97461,47.005053
H51,-151.984595,46.979177
H51,-151.983135,46.977933
H51,-151.981375,46.977093000000004
H51,-151.97943,46.976085
H51,-151.977568,46.975113
H51,-151.975885,46.974315
H51,-151.97449,46.973208
H51,-151.973357,46.972072
H51,-151.971873,46.971113
H51,-151.970638,46.96984
H51,-151.969217,46.968732
H51,-151.96785,46.967713
H51,-151.966547,46.966655
H51,-151.965112,46.965718
H51,-151.963593,46.964745
H51,-151.962618,46.963715
H51,-151.961433,46.962403
H51,-151.960112,46.961258
H51,-151.983547,46.95644
H51,-152.01804,46.945822
H51,-152.054028,46.905548
H51,-152.08493000000001,46.88365
H51,-152.09923,46.85365
H51,-152.105473,46.849538
H51,-152.110857,46.841183
H51,-152.126032,46.829043
H51,-152.142787,46.81854
H51,-152.15877,46.819295
H51,-152.173298,46.789948
H51,-152.19062,46.815608
H51,-152.214715,46.836168
H51,-152.233063,46.826525
H51,-152.252602,46.853057
H51,-152.280057,46.828518
H51,-152.292455,46.83123
H51,-152.305215,46.869805
H51,-152.294098,46.83159
H51,-152.24114,46.830918
H51,-152.239158,46.877273
H51,-152.249567,46.915587
H51,-152.225232,46.907828
H51,-152.225888,46.915832
H51,-152.262872,46.91398
H51,-152.264493,46.892217
H51,-152.251503,46.824462
H51,-152.217767,46.808803
H51,-152.141317,46.794147
H51,-152.102978,46.742107
H51,-152.07403,46.712063
H51,-152.04454,46.683165
H51,-152.047027,46.668307
H51,-152.002503,46.726727
H51,-151.952902,46.771065
H51,-151.926588,46.83026
H51,-151.89396,46.89062
H51,-151.866577,46.93893
H51,-151.85482,46.953778
H51,-151.860135,46.96855
H51,-151.79306,47.007193
H51,-151.784768,46.962127
H51,-151.796408,46.931303
H51,-151.78361,46.943382
H51,-151.77124800000001,46.933538
H51,-151.78071,46.925177
H51,-151.805452,46.924698
H51,-151.82728,46.912618
H51,-151.820148,46.869397
H51,-151.779327,46.88553
H51,-151.721858,46.929648
H51,-151.631705,46.945458
H51,-151.533408,46.912368
H51,-151.441513,46.888367
H51,-151.337093,46.87119
H51,-151.239328,46.855643
H51,-151.198142,46.839445
H51,-151.114495,46.800672
H51,-151.025712,46.800912
H51,-150.943805,46.773662
H51,-150.83164,46.750797
H51,-150.748493,46.712987
H51,-150.714928,46.67441
H51,-150.666282,46.624903
H51,-150.612577,46.574638
H51,-150.607427,46.570075
H51,-150.515608,46.537492
H51,-150.43005,46.503305
H51,-150.356925,46.467387
H51,-150.289067,46.440803
H51,-150.238535,46.44102
H51,-150.181535,46.438237
H51,-150.160402,46.466383
H51,-150.111032,46.486033
H51,-150.087453,46.4866
H51,-149.997053,46.485537
H51,-149.905095,46.474855
H51,-149.799465,46.467487
H51,-149.696438,46.473465
H51,-149.604802,46.465477
H51,-149.514225,46.455845
H51,-149.415132,46.459625
H51,-149.310605,46.454897
H51,-149.216372,46.437187
H51,-149.17245,46.45152
H51,-149.170298,46.45067
H51,-149.16791,46.450297
H51,-149.16547,46.449672
H51,-149.16336,46.448668
H51,-149.116425,46.429758
H51,-149.047505,46.389848
H51,-148.966125,46.395248
H51,-148.89547,46.362415
H51,-148.817702,46.3399
H51,-148.716343,46.3616
H51,-148.648485,46.342125
H51,-148.639127,46.353887
H51,-148.637562,46.35362
H51,-148.63569,46.353262
H51,-148.634078,46.35281
H51,-148.632652,46.352523
H51,-148.631247,46.352315
H51,-148.629583,46.352113
H51,-148.62797,46.35196
H51,-148.626445,46.351815
H51,-148.625052,46.351682
H51,-148.623542,46.351658
H51,-148.62189,46.351902
H51,-148.620452,46.35162
H51,-148.619023,46.351847
H51,-148.61752,46.3521
H51,-148.616363,46.352395
H51,-148.615063,46.352658
H51,-148.613838,46.353152
H51,-148.612662,46.353502
H51,-148.611217,46.353768
H51,-148.609625,46.353897
H51,-148.60789,46.353882
H51,-148.606115,46.353538
H51,-148.604402,46.35299
H51,-148.602568,46.352383
H51,-148.600645,46.3519
H51,-148.598618,46.351378
H51,-148.596408,46.350598
H51,-148.594255,46.34983
H51,-148.592342,46.349
H51,-148.590448,46.348087
H51,-148.588862,46.347245
H51,-148.587193,46.346543
H51,-148.58549,46.345908
H51,-148.583883,46.345278
H51,-148.582445,46.344933
H51,-148.58103500000001,46.344577
H51,-148.579525,46.343958
H51,-148.577907,46.343427
H51,-148.576267,46.342972
H51,-148.574845,46.342332
H51,-148.573237,46.34177
H51,-148.571548,46.34127
H51,-148.569947,46.340682
H51,-148.568447,46.339863
H51,-148.566878,46.339115
H51,-148.565425,46.338528
H51,-148.564007,46.337822
H51,-148.562943,46.337417
H51,-148.561678,46.336787
H51,-148.560418,46.336293
H51,-148.559298,46.335702
H51,-148.557593,46.336308
H51,-148.560172,46.32521
H51,-148.560737,46.321753
H51,-148.563008,46.325838
H51,-148.57334,46.355587
H51,-148.583807,46.401237
H51,-148.609845,46.42833
H51,-148.603147,46.449762
H51,-148.61331,46.489842
H51,-148.637545,46.533263
H51,-148.651648,46.56017
H51,-148.668557,46.602872
H51,-148.681478,46.648595
H51,-148.707308,46.675608
H51,-148.72224,46.72609
H51,-148.735832,46.776358
H51,-148.729848,46.83861
H51,-148.74857,46.882663
H51,-148.752017,46.927157
H51,-148.752853,46.976215
H51,-148.765573,47.017227
H51,-148.810263,47.062127
H51,-148.811622,47.053322
H51,-148.784017,47.023183
H51,-148.76927,46.991423
H51,-148.756513,46.999112
H51,-148.691835,46.987568
H51,-148.654195,46.940782
H51,-148.602852,46.882622
H51,-148.526508,46.839653
H51,-148.515293,46.843815
H51,-148.427025,46.80593
H51,-148.355225,46.769363
H51,-148.26488,46.73871
H51,-148.215202,46.73045
H51,-148.211693,46.753382
H51,-148.200008,46.707515
H51,-148.183682,46.73018
H51,-148.169938,46.722963
H51,-148.112937,46.732173
H51,-148.034088,46.706302
H51,-147.961175,46.686085
H51,-147.847792,46.653308
H51,-147.727558,46.62571
H51,-147.594953,46.58522
H51,-147.475768,46.543855
H51,-147.348977,46.502948
H51,-147.211915,46.464675
H51,-147.07457,46.433427
H51,-146.9427,46.403617
H51,-146.806138,46.366823
H51,-146.652772,46.326533
H51,-146.54303,46.303837
H51,-146.385613,46.277667
H51,-146.260805,46.247213
H51,-146.11099,46.206075
H51,-145.990917,46.165802
H51,-145.862205,46.114658
H51,-145.726328,46.085265
H51,-145.579115,46.0546
H51,-145.475692,46.03126
H51,-145.339815,46.008673
H51,-145.207262,45.977962
H51,-145.082295,45.95475
H51,-144.946693,45.923027
H51,-144.803137,45.864678
H51,-144.688462,45.844052
H51,-144.560202,45.814083
H51,-144.442135,45.810117
H51,-144.317223,45.789055
H51,-144.197152,45.7759
H51,-144.084523,45.751833
H51,-143.983187,45.740848
H51,-143.86212,45.735662
H51,-143.746892,45.720402
H51,-143.61718,45.715987
H51,-143.487807,45.691775
H51,-143.357478,45.664595
H51,-143.236838,45.684005
H51,-143.120532,45.69841
H51,-143.029162,45.681973
H51,-142.90246,45.694993
H51,-142.781267,45.72407
H51,-142.665463,45.711647
H51,-142.52755,45.703985
H51,-142.421975,45.696002
H51,-142.304777,45.69234
H51,-142.21081,45.684953
H51,-142.136165,45.646052
H51,-142.082878,45.63514
H51,-142.080377,45.635035
H51,-142.075952,45.637177
H51,-142.073938,45.63725
H51,-142.071677,45.637285
H51,-142.069525,45.637127
H51,-142.042082,45.618373
H51,-142.039692,45.618038
H51,-142.037272,45.617777
H51,-142.034798,45.617453
H51,-142.03267,45.617203
H51,-142.03037,45.617
H51,-142.028183,45.616767
H51,-142.025795,45.61646
H51,-142.023472,45.616448
H51,-142.021302,45.616157
H51,-142.018682,45.61606
H51,-142.016137,45.615773
H51,-142.013717,45.615257
H51,-142.011263,45.615318
H51,-142.008708,45.615172
H51,-142.006143,45.614913
H51,-142.003638,45.614918
H51,-142.001112,45.61483
H51,-141.999023,45.614408
H51,-141.993162,45.610278
H51,-141.990848,45.610073
H51,-141.975975,45.601663
H51,-141.913107,45.576103
H51,-141.853598,45.542242
H51,-141.772138,45.51681
H51,-141.700723,45.464288
H51,-141.630405,45.416502
H51,-141.565553,45.376758
H51,-141.562688,45.376852
H51,-141.559657,45.377417
H51,-141.55693,45.377817
H51,-141.554013,45.378505
H51,-141.55094,45.379187
H51,-141.54781,45.379918
H51,-141.54469,45.380728
H51,-141.54147,45.38144
H51,-141.538337,45.382128
H51,-141.534955,45.383113
H51,-141.531407,45.38383
H51,-141.527732,45.384537
H51,-141.523787,45.385067
H51,-141.51996,45.385583
H51,-141.516038,45.385842
H51,-141.511865,45.385865
H51,-141.508088,45.385842
H51,-141.503855,45.385585
H51,-141.458972,45.346178
H51,-141.370225,45.264443
H51,-141.298272,45.20594
H51,-141.213408,45.125875
H51,-141.114967,45.049882
H51,-141.002483,44.970168
H51,-140.885263,44.90188
H51,-140.76855,44.837512
H51,-140.648725,44.772143
H51,-140.58613,44.72684
H51,-140.48909,44.662612
H51,-140.439743,44.636603
H51,-140.434657,44.629883
H51,-140.364503,44.613328
H51,-140.24819,44.557575
H51,-140.133338,44.49767
H51,-140.011655,44.43461
H51,-139.889533,44.361623
H51,-139.769778,44.302298
H51,-139.650923,44.231018
H51,-139.523555,44.153848000000004
H51,-139.411713,44.072477
H51,-139.294918,44.005387
H51,-139.167878,43.941742
H51,-139.03591,43.871863
H51,-138.91267,43.805948
H51,-138.776642,43.71989
H51,-138.692393,43.647062
H51,-138.575097,43.568883
H51,-138.459558,43.490453
H51,-138.331293,43.421522
H51,-138.217517,43.346932
H51,-138.104252,43.282467
H51,-138.003125,43.211572
H51,-137.888045,43.156245
H51,-137.781707,43.098893
H51,-137.691013,43.042818
H51,-137.580012,42.975523
H51,-137.469673,42.909383
H51,-137.356665,42.840962
H51,-137.244187,42.788707
H51,-137.119783,42.75848
H51,-136.991103,42.691247
H51,-136.891928,42.642482
H51,-136.774895,42.583248
H51,-136.673425,42.515192
H51,-136.547585,42.485098
H51,-136.4258,42.443642
H51,-136.309995,42.417412
H51,-136.27385,42.40102
H51,-136.165362,42.360478
H51,-136.067657,42.297818
H51,-135.963352,42.226427
H51,-135.84379,42.172603
H51,-135.732363,42.146688
H51,-135.653522,42.10477
H51,-135.585212,42.029702
H51,-135.481405,41.971693
H51,-135.355087,41.92947
H51,-135.24661,41.888937
H51,-135.122847,41.876453
H51,-134.996433,41.863377
H51,-134.88085,41.825927
H51,-134.756677,41.804603
H51,-134.653288,41.781027
H51,-134.543207,41.752703
H51,-134.422685,41.733935
H51,-134.287265,41.715615
H51,-134.183633,41.666295
H51,-134.082442,41.619792
H51,-133.964765,41.596562
H51,-133.858625,41.55231
H51,-133.7575,41.517695
H51,-133.664392,41.47691
H51,-133.571953,41.442285
H51,-133.484885,41.401252
H51,-133.395703,41.362353
H51,-133.297945,41.34412
H51,-133.209835,41.316358
H51,-133.13052,41.280535
H51,-133.050413,41.237915
H51,-132.959865,41.206233
H51,-132.880208,41.163657
H51,-132.794852,41.149263
H51,-132.708725,41.134187
H51,-132.623002,41.1119
H51,-132.5905,41.107905
H51,-132.589423,41.107505
H51,-132.588132,41.10702
H51,-132.586763,41.106672
H51,-132.585647,41.106488
H51,-132.584258,41.10632
H51,-132.583147,41.105858
H51,-132.556612,41.080482
H51,-132.510132,41.0402
H51,-132.46041,41.002218
H51,-132.397962,40.96178
H51,-132.355332,40.915193
H51,-132.323927,40.881498
H51,-132.321628,40.881225
H51,-132.318968,40.880728
H51,-132.31612,40.88041
H51,-132.313115,40.880477
H51,-132.310012,40.881123
H51,-132.307682,40.881058
H51,-132.30584,40.880402
H51,-132.304452,40.880087
H51,-132.302657,40.879338
H51,-132.300918,40.878828
H51,-132.299307,40.878362
H51,-132.296662,40.877925
H51,-132.295182,40.877583
H51,-132.292967,40.87721
H51,-132.290772,40.87686
H51,-132.288602,40.876603
H51,-132.28634,40.876355
H51,-132.284072,40.87584
H51,-132.28167,40.875385
H51,-132.279443,40.874888
H51,-132.277238,40.874283
H51,-132.274953,40.873707
H51,-132.273393,40.873145
H51,-132.27115,40.871943
H51,-132.269137,40.871245
H51,-132.267073,40.870527
H51,-132.264807,40.869975
H51,-132.262893,40.869262
H51,-132.261067,40.868465
H51,-132.25954,40.867498
H51,-132.257582,40.866538
H51,-132.25595,40.865338
H51,-132.254537,40.864285
H51,-132.253373,40.863225
H51,-132.252038,40.862012
H51,-132.250973,40.86097
H51,-132.249835,40.85997
H51,-132.248642,40.859178
H51,-132.247067,40.858302
H51,-132.245653,40.857342
H51,-132.244485,40.856382
H51,-132.243132,40.855477
H51,-132.2413,40.854505
H51,-132.226215,40.834243
H51,-132.159043,40.793315
H51,-132.101312,40.76247
H51,-132.032215,40.720275
H51,-131.95516,40.679098
H51,-131.871377,40.659285
H51,-131.778,40.640157
H51,-131.68228,40.628597
H51,-131.582375,40.617525
H51,-131.489505,40.594243
H51,-131.393588,40.571385
H51,-131.30591,40.55216
H51,-131.202492,40.543438
H51,-131.103082,40.545273
H51,-131.027513,40.539318
H51,-130.916415,40.53451
H51,-130.825102,40.519767
H51,-130.727328,40.500805
H51,-130.633697,40.469097
H51,-130.546745,40.437667
H51,-130.447722,40.409785
H51,-130.347177,40.379598
H51,-130.24642,40.349742
H51,-130.138215,40.311705
H51,-130.057847,40.27613
H51,-129.965453,40.235607
H51,-129.87835,40.190895
H51,-129.78182,40.165428
H51,-129.688965,40.128727
H51,-129.627295,40.080422
H51,-129.543492,40.042235
H51,-129.468158,40.000008
H51,-129.389605,39.96027
H51,-129.307668,39.91761
H51,-129.228638,39.873065
H51,-129.151787,39.82724
H51,-129.071482,39.780398
H51,-128.989078,39.739163
H51,-128.917757,39.694475
H51,-128.840212,39.640715
H51,-128.774137,39.582983
H51,-128.688492,39.528897
H51,-128.600603,39.481933
H51,-128.515995,39.437837
H51,-128.428107,39.398442
H51,-128.353725,39.342868
H51,-128.284057,39.28571
H51,-128.20765,39.236943
H51,-128.13458,39.182137
H51,-128.054687,39.134555
H51,-127.97919,39.074917
H51,-127.910728,39.025963
H51,-127.83795,38.978757
H51,-127.772908,38.912732
H51,-127.710115,38.850915
H51,-127.644957,38.78693
H51,-127.582027,38.728453
H51,-127.514455,38.666398
H51,-127.425952,38.617702
H51,-127.351417,38.556703
H51,-127.262173,38.503743
H51,-127.20006,38.431905
H51,-127.129117,38.371182
H51,-127.060082,38.327817
H51,-127.013512,38.294892
H51,-126.945923,38.24876
H51,-126.870303,38.202415
H51,-126.788185,38.156847
H51,-126.710028,38.121865
H51,-126.622263,38.081552
H51,-126.53212,38.049468
H51,-126.447563,38.008333
H51,-126.340302,37.98874
H51,-126.246592,37.976825
H51,-126.143475,37.970975
H51,-126.043023,37.94482
H51,-125.939588,37.936833
H51,-125.831083,37.917517
H51,-125.743797,37.899865
H51,-125.6424,37.890717
H51,-125.526693,37.879222
H51,-125.423968,37.864575
H51,-125.321052,37.846325
H51,-125.261763,37.791738
H51,-125.177005,37.766968
H51,-125.134392,37.751462
H51,-125.135152,37.75019
H51,-125.135752,37.748823
H51,-125.136258,37.747448
H51,-125.136487,37.745955
H51,-125.043935,37.742318
H51,-124.94276,37.745027
H51,-124.849165,37.74204
H51,-124.812087,37.748107
H51,-124.69988,37.747902
H51,-124.594805,37.740075
H51,-124.50327,37.733405
H51,-124.401122,37.716987
H51,-124.357065,37.72627
H51,-124.388743,37.75269
H51,-124.304557,37.741297
H51,-124.208072,37.735785
H51,-124.109635,37.723627
H51,-124.011778,37.713137
H51,-123.923695,37.686895
H51,-123.837195,37.657722
H51,-123.754787,37.639247
H51,-123.694718,37.604322
H51,-123.645435,37.564095
H51,-123.581928,37.538538
H51,-123.583258,37.534952
H51,-123.582083,37.535012
H51,-123.58132,37.53489
H51,-123.580468,37.534582
H51,-123.579433,37.534523
H51,-123.57856,37.534488
H51,-123.577237,37.534255
H51,-123.576398,37.53404
H51,-123.575442,37.533837
H51,-123.57443,37.533687
H51,-123.57352,37.533327
H51,-123.572498,37.532933
H51,-123.57182,37.53269
H51,-123.570372,37.532215
H51,-123.54362,37.511557
H51,-123.496022,37.47071
H51,-123.441188,37.428162
H51,-123.372528,37.393027
H51,-123.302848,37.361677
H51,-123.281965,37.341477
H51,-123.282045,37.340317
H51,-123.282432,37.33924
H51,-123.282662,37.337958
H51,-123.275693,37.332568
H51,-123.217135,37.295522
H51,-123.125293,37.278285
H51,-123.048175,37.253125
H51,-123.056577,37.182965
H51,-123.03901,37.114562
H51,-123.043783,37.071425
H51,-123.043012,37.070352
H51,-123.032823,37.031447
H51,-123.01145,36.960758
H51,-122.971147,36.892638
H51,-122.893725,36.85329
H51,-122.831637,36.80053
H51,-122.78989,36.74059
H51,-122.777398,36.672537
H51,-122.777847,36.627175
H51,-122.74836,36.56805
H51,-122.711542,36.51323
H51,-122.64646,36.44861
H51,-122.570215,36.392158
H51,-122.523107,36.325227
H51,-122.489125,36.249763
H51,-122.440347,36.171153
H51,-122.39459,36.10946
H51,-122.357083,36.043172
H51,-122.317303,35.974418
H51,-122.294955,35.895498
H51,-122.246622,35.836278
H51,-122.189223,35.762977
H51,-122.126603,35.680447
H51,-122.076387,35.628972
H51,-121.999057,35.587573
H51,-121.935447,35.518188
H51,-121.857225,35.465302
H51,-121.798922,35.3992
H51,-121.7419,35.323415
H51,-121.684722,35.241823
H51,-121.607948,35.189183
H51,-121.571707,35.110492
H51,-121.513313,35.04182
H51,-121.492143,34.957865
H51,-121.478167,34.855627
H51,-121.454332,34.773043
H51,-121.414578,34.678732
H51,-121.36041,34.579643
H51,-121.34523,34.563338
H51,-121.289442,34.489895
H51,-121.250017,34.411878
H51,-121.182332,34.355237
H51,-121.087612,34.298117
H51,-121.065652,34.206122
H51,-121.075023,34.115418
H51,-121.04037,34.012722
H51,-120.976262,33.912243
H51,-120.941043,33.80421
H51,-120.905112,33.712613
H51,-120.907263,33.600723
H51,-120.822803,33.50563
H51,-120.744568,33.404302
H51,-120.687127,33.284192
H51,-120.611903,33.186943
H51,-120.60056,33.11938
H51,-120.511835,33.018748
H51,-120.439765,32.921707
H51,-120.37199,32.82165
H51,-120.314855,32.715882
H51,-120.255905,32.605107
H51,-120.213182,32.48503
H51,-120.171642,32.362547
H51,-120.103317,32.290283
H51,-120.019522,32.185388
H51,-119.984202,32.069048
H51,-119.970943,32.006257
H51,-119.929525,31.908035
H51,-119.84313,31.821395
H51,-119.81591,31.72563
H51,-119.775442,31.625627
H51,-119.747422,31.542082
H51,-119.671665,31.458667
H51,-119.575395,31.382948
H51,-119.523605,31.28403
H51,-119.509128,31.182592
H51,-119.482808,31.073643
H51,-119.399108,30.987753
H51,-119.381097,30.885348
H51,-119.29187,30.8063
H51,-119.197157,30.730523
H51,-119.109978,30.66175
H51,-119.107382,30.558043
H51,-119.076358,30.462508
H51,-119.067777,30.364527
H51,-119.07832,30.258153
H51,-119.034838,30.180637
H51,-118.96999,30.129202
H51,-118.864938,30.117908
H51,-118.801732,30.117272
H51,-118.705328,30.104267
H51,-118.679215,30.070748
H51,-118.671968,30.051402
H51,-118.654827,30.010462
H51,-118.590185,29.992748
H51,-118.552545,29.933955
H51,-118.570057,29.855797
H51,-118.562988,29.857602
H51,-118.560242,29.85797
H51,-118.55629,29.856903
H51,-118.538427,29.829128
H51,-118.571513,29.760385
H51,-118.583403,29.739908
H51,-118.583337,29.73865
H51,-118.574525,29.695405
H51,-118.516348,29.660367
H51,-118.529458,29.59286
H51,-118.541637,29.572482
H51,-118.54104,29.571035
H51,-118.540345,29.569858
H51,-118.522875,29.527278
H51,-118.54933,29.498328
H51,-118.548983,29.497137
H51,-118.54862,29.49587
H51,-118.548215,29.494717
H51,-118.547793,29.493553
H51,-118.547017,29.492407
H51,-118.546265,29.491252
H51,-118.545522,29.49002
H51,-118.544723,29.488653
H51,-118.543905,29.487217
H51,-118.54297,29.485837
H51,-118.542115,29.484052
H51,-118.541518,29.482468
H51,-118.540563,29.480888
H51,-118.53993,29.479193
H51,-118.539237,29.477513
H51,-118.538658,29.476093
H51,-118.538253,29.474503
H51,-118.537725,29.472907
H51,-118.537235,29.471428
H51,-118.537165,29.46994
H51,-118.536778,29.468478
H51,-118.536388,29.466912
H51,-118.536023,29.46553
H51,-118.535862,29.463955
H51,-118.535672,29.462748
H51,-118.535638,29.46127
H51,-118.535645,29.459852
H51,-118.535553,29.458487
H51,-118.53582,29.45723
H51,-118.535563,29.456
H51,-118.535602,29.454582
H51,-118.535363,29.453312
H51,-118.537892,29.423685
H51,-118.536993,29.367437
